{
  "checked_samples": 60,
  "deterministic_packet_bytes": true,
  "extract_nonempty": true,
  "max_energy_rmse_pct": 2.1763161749524707,
  "max_f0_rmse_pct": 1.0725521650934302,
  "packet_hash_examples": [
    "96ac515c4812327cae36415dcd25c3ca4e573b785080453a4bd70a602e4303d4",
    "221a32a4223dd73d9295b5004ae1ed30395629e07030e40b26ac32cb2a92b721",
    "c1393db4767ab2507a48193af464d2f15da9501434fd1e48cd6ba290b9752a63",
    "e34bc7e431cd85b0c06653c0536c10bdc9d09c2b2c72209698424108c708b245",
    "136787eb0848a68c58f4484e842c33f80e802bc322b81c999307ebc3f72c8644",
    "356671f78376146bc45c7c25c327294bdad9f72ec43dce854683e8f57388396b",
    "e5f14a563fadbac1878b1a660090e48c8102b54a1543fd63f4084fc7b3d00343",
    "93dd1294fac61946122a70be6a38e7be096b8407c9b6442d8c54e0a87401e011",
    "e490efc209ad0dc7acca280e1146f947e0e5accc6c4eb88c8f35bcef7114d66d",
    "841bd2b3f621092ff4925c07c903d6941eb74e68ee1bc0441798836d4738056d"
  ],
  "status": "PASS"
}